insert into artista(artista_nome, artista_sobre) values
('Bring Me The Horizon', 'Bring Me the Horizon é uma banda de rock inglesa formada em Sheffield em 2004.'),
('Gus Dapperton', 'Brendan Patrick Rice, conhecido profissionalmente como Gus Dapperton, é um cantor, compositor e músico americano de Warwick, Nova York.'),
('Luan Santana', 'Luan Rafael Domingos Santana é um cantor, compositor e ator brasileiro.');

insert into lancamento(artista_nome, lancamento_titulo, lancamento_tipo, lancamento_copyright, lancamento_data_publicacao) values
('Bring Me The Horizon', 'That''s The Spirit', 'Álbum', 'Bring Me The Horizon', '2015-09-11'),
('Bring Me The Horizon', 'amo', 'Álbum', 'Sony Music Entertainment UK Limited', '2019-01-25'),
('Bring Me The Horizon', 'Drown', 'Single', '© 2014 Sony Music Entertainment UK Limited', '2014-10-21'),
('Bring Me The Horizon', 'Throne', 'Single', '© 2015 Sony Music Entertainment UK Limited', '2015-08-24'),
('Bring Me The Horizon', 'Mantra', 'Single', '© 2018 Sony Music Entertainment UK Limited', '2018-08-23'),
('Bring Me The Horizon', 'Wonderful Life', 'Single', '© 2018 Sony Music Entertainment UK Limited', '2018-10-22'),
('Gus Dapperton', 'Where Polly People Go to Read', 'Álbum', 'Gus Dapperton', '2019-04-19'),
('Gus Dapperton', 'Orca', 'Álbum', 'Gus Dapperton', '2020-04-22'),
('Gus Dapperton', 'Post Humorous', 'Single', '© 2020 Gus Dapperton', '2020-04-03'),
('Gus Dapperton', 'First Aid', 'Single', '© 2020 Gus Dapperton', '2020-05-21'),
('Luan Santana', 'O Nosso Tempo É Hoje', 'Álbum', 'Som Livre', '2013-08-05'),
('Luan Santana', 'Live-Móvel', 'EP', 'Som Livre', '2017-11-10'),
('Luan Santana', 'Morena', 'Single', '© 2022 Som Livre', '2022-02-25');

insert into musica(artista_nome, musica_titulo, musica_duracao, musica_letra) values
('Bring Me The Horizon', 'Throne', '00:03:11', 'So you can throw me to the wolves...'),
('Bring Me The Horizon', 'True Friends', '00:03:52', 'You let me down, down, down...'),
('Bring Me The Horizon', 'Drown', '00:03:42', 'What doesn''t destroy you...'),
('Bring Me The Horizon', 'Avalanche', '00:04:21', 'Cut me open and tell me what''s inside...'),
('Bring Me The Horizon', 'Mantra', '00:03:54', 'Do you wanna start a cult with me?...'),
('Bring Me The Horizon', 'Wonderful Life', '00:04:34', 'I don''t want a dead-end job...'),
('Bring Me The Horizon', 'Medicine', '00:03:48', 'Some people are a lot like clouds...'),
('Bring Me The Horizon', 'Sugar Honey Ice & Tea', '00:04:21', 'I know I said I''m sorry...'),
('Bring Me The Horizon', 'In The Dark', '00:04:32', 'I''ve got a heart full of bruises...'),
('Gus Dapperton', 'World Class Cinema', '00:03:22', 'I wanna be a bottle blonde...'),
('Gus Dapperton', 'My Favorite Fish', '00:03:22', 'When I met you I was not myself...'),
('Gus Dapperton', 'Fill Me Up Anthem', '00:03:15', 'Can you see me through your heavy smoke?...'),
('Gus Dapperton', 'Ditch', '00:02:50', 'My daydreams are endless...'),
('Gus Dapperton', 'Coax & Botany', '00:03:34', 'Her mind is wild like a jungle...'),
('Gus Dapperton', 'Bottle Opener', '00:02:39', 'I wanna bottle opener...'),
('Gus Dapperton', 'First Aid', '00:03:02', 'She''s my first aid kit...'),
('Gus Dapperton', 'Post Humorous', '00:03:01', 'I don''t wanna die, I wanna live...'),
('Gus Dapperton', 'Bluebird', '00:03:15', 'Bluebird don''t you fly away...'),
('Gus Dapperton', 'Palms', '00:03:30', 'I wanna be alone, just to have some fun...'),
('Luan Santana', 'Meteoro', '00:03:22', 'Parece que o vento soprou a resposta pra cá...'),
('Luan Santana', 'Você de Mim Não Sai', '00:03:45', 'Você de mim não sai, sai da minha vida...'),
('Luan Santana', 'Amar Não É Pecado', '00:03:26', 'Amar não é pecado, e se eu tiver errado que se dane o mundo...'),
('Luan Santana', 'Escreve Aí', '00:03:56', 'Escreve aí, vai escrevendo...'),
('Luan Santana', 'Acordando o Prédio', '00:03:20', 'Se você quiser a gente casa...'),
('Luan Santana', 'Sinais', '00:03:12', 'Só uma palavra não dita...'),
('Luan Santana', 'Tudo que você quiser', '00:03:18', 'Fecho os olhos...'),
('Luan Santana', 'Morena', '00:03:05', 'Morena, assim você me mata...');

insert into genero(artista_nome, musica_titulo, genero_nome) values
('Bring Me The Horizon', 'Throne', 'Rock'),
('Bring Me The Horizon', 'True Friends', 'Rock'),
('Bring Me The Horizon', 'True Friends', 'Punk'),
('Bring Me The Horizon', 'Drown', 'Funk'),
('Bring Me The Horizon', 'Avalanche', 'Rock'),
('Bring Me The Horizon', 'Avalanche', 'Pop'),
('Bring Me The Horizon', 'Mantra', 'Rock'),
('Bring Me The Horizon', 'Wonderful Life', 'Rock'),
('Bring Me The Horizon', 'Medicine', 'Pop'),
('Bring Me The Horizon', 'Sugar Honey Ice & Tea', 'Punk'),
('Bring Me The Horizon', 'In The Dark', 'Rock'),
('Bring Me The Horizon', 'In The Dark', 'Pop'),
('Gus Dapperton', 'World Class Cinema', 'Pop'),
('Gus Dapperton', 'My Favorite Fish', 'Pop'),
('Gus Dapperton', 'Fill Me Up Anthem', 'MPB'),
('Gus Dapperton', 'Ditch', 'Pop'),
('Gus Dapperton', 'Coax & Botany', 'Pop'),
('Gus Dapperton', 'Bottle Opener', 'Eletrônica'),
('Gus Dapperton', 'First Aid', 'Pop'),
('Gus Dapperton', 'Post Humorous', 'Pop'),
('Gus Dapperton', 'Bluebird', 'Pagode'),
('Gus Dapperton', 'Palms', 'Pop'),
('Luan Santana', 'Meteoro', 'Sertanejo'),
('Luan Santana', 'Você de Mim Não Sai', 'Samba'),
('Luan Santana', 'Amar Não É Pecado', 'Sertanejo'),
('Luan Santana', 'Escreve Aí', 'Sertanejo'),
('Luan Santana', 'Acordando o Prédio', 'Hip Hop'),
('Luan Santana', 'Sinais', 'Sertanejo'),
('Luan Santana', 'Tudo que você quiser', 'Sertanejo'),
('Luan Santana', 'Morena', 'Sertanejo');

insert into produtor(artista_nome, musica_titulo, produtor_nome) values
('Bring Me The Horizon', 'Throne', 'Oliver Sykes'),
('Bring Me The Horizon', 'Throne', 'Jordan Fish'),
('Bring Me The Horizon', 'True Friends', 'Oliver Sykes'),
('Bring Me The Horizon', 'True Friends', 'Jordan Fish'),
('Bring Me The Horizon', 'Drown', 'Oliver Sykes'),
('Bring Me The Horizon', 'Drown', 'Jordan Fish'),
('Bring Me The Horizon', 'Avalanche', 'Oliver Sykes'),
('Bring Me The Horizon', 'Avalanche', 'Jordan Fish'),
('Bring Me The Horizon', 'Mantra', 'Oliver Sykes'),
('Bring Me The Horizon', 'Mantra', 'Jordan Fish'),
('Bring Me The Horizon', 'Wonderful Life', 'Oliver Sykes'),
('Bring Me The Horizon', 'Wonderful Life', 'Jordan Fish'),
('Bring Me The Horizon', 'Medicine', 'Oliver Sykes'),
('Bring Me The Horizon', 'Medicine', 'Jordan Fish'),
('Bring Me The Horizon', 'Sugar Honey Ice & Tea', 'Oliver Sykes'),
('Bring Me The Horizon', 'Sugar Honey Ice & Tea', 'Jordan Fish'),
('Bring Me The Horizon', 'In The Dark', 'Oliver Sykes'),
('Bring Me The Horizon', 'In The Dark', 'Jordan Fish'),
('Gus Dapperton', 'World Class Cinema', 'Gus Dapperton'),
('Gus Dapperton', 'My Favorite Fish', 'Gus Dapperton'),
('Gus Dapperton', 'Fill Me Up Anthem', 'Gus Dapperton'),
('Gus Dapperton', 'Ditch', 'Gus Dapperton'),
('Gus Dapperton', 'Coax & Botany', 'Gus Dapperton'),
('Gus Dapperton', 'Bottle Opener', 'Gus Dapperton'),
('Gus Dapperton', 'First Aid', 'Gus Dapperton'),
('Gus Dapperton', 'Post Humorous', 'Gus Dapperton'),
('Gus Dapperton', 'Bluebird', 'Gus Dapperton'),
('Gus Dapperton', 'Palms', 'Gus Dapperton'),
('Luan Santana', 'Meteoro', 'Fernando Zor'),
('Luan Santana', 'Você de Mim Não Sai', 'Fernando Zor'),
('Luan Santana', 'Amar Não É Pecado', 'Ivan Miyazato'),
('Luan Santana', 'Escreve Aí', 'Mauricio Mello'),
('Luan Santana', 'Acordando o Prédio', 'Willi Baldo'),
('Luan Santana', 'Sinais', 'Luan Santana'),
('Luan Santana', 'Tudo que você quiser', 'Ivan Miyazato');

insert into interprete(artista_nome, musica_titulo, interprete_nome) values
('Bring Me The Horizon', 'Throne', 'Bring Me The Horizon'),
('Bring Me The Horizon', 'True Friends', 'Bring Me The Horizon'),
('Bring Me The Horizon', 'Drown', 'Bring Me The Horizon'),
('Bring Me The Horizon', 'Avalanche', 'Bring Me The Horizon'),
('Bring Me The Horizon', 'Mantra', 'Bring Me The Horizon'),
('Bring Me The Horizon', 'Wonderful Life', 'Bring Me The Horizon'),
('Bring Me The Horizon', 'Wonderful Life', 'Gus Dapperton'),
('Bring Me The Horizon', 'Medicine', 'Bring Me The Horizon'),
('Bring Me The Horizon', 'Sugar Honey Ice & Tea', 'Bring Me The Horizon'),
('Bring Me The Horizon', 'In The Dark', 'Bring Me The Horizon'),
('Gus Dapperton', 'World Class Cinema', 'Gus Dapperton'),
('Gus Dapperton', 'My Favorite Fish', 'Gus Dapperton'),
('Gus Dapperton', 'Fill Me Up Anthem', 'Gus Dapperton'),
('Gus Dapperton', 'Ditch', 'Gus Dapperton'),
('Gus Dapperton', 'Ditch', 'Bring Me The Horizon'),
('Gus Dapperton', 'Coax & Botany', 'Gus Dapperton'),
('Gus Dapperton', 'Bottle Opener', 'Gus Dapperton'),
('Gus Dapperton', 'First Aid', 'Gus Dapperton'),
('Gus Dapperton', 'Post Humorous', 'Gus Dapperton'),
('Gus Dapperton', 'Bluebird', 'Gus Dapperton'),
('Gus Dapperton', 'Palms', 'Gus Dapperton'),
('Luan Santana', 'Meteoro', 'Luan Santana'),
('Luan Santana', 'Meteoro', 'Gus Dapperton'),
('Luan Santana', 'Você de Mim Não Sai', 'Luan Santana'),
('Luan Santana', 'Amar Não É Pecado', 'Luan Santana'),
('Luan Santana', 'Escreve Aí', 'Luan Santana'),
('Luan Santana', 'Acordando o Prédio', 'Luan Santana'),
('Luan Santana', 'Sinais', 'Luan Santana'),
('Luan Santana', 'Tudo que você quiser', 'Luan Santana');

insert into compositor(artista_nome, musica_titulo, compositor_nome) values
('Bring Me The Horizon', 'Throne', 'Oliver Sykes'),
('Bring Me The Horizon', 'True Friends', 'Oliver Sykes'),
('Bring Me The Horizon', 'True Friends', 'Jordan Fish'),
('Bring Me The Horizon', 'Drown', 'Oliver Sykes'),
('Bring Me The Horizon', 'Drown', 'Jordan Fish'),
('Bring Me The Horizon', 'Drown', 'Lee Malia'),
('Bring Me The Horizon', 'Avalanche', 'Oliver Sykes'),
('Bring Me The Horizon', 'Avalanche', 'Jordan Fish'),
('Bring Me The Horizon', 'Avalanche', 'Lee Malia'),
('Bring Me The Horizon', 'Mantra', 'Oliver Sykes'),
('Bring Me The Horizon', 'Mantra', 'Jordan Fish'),
('Bring Me The Horizon', 'Mantra', 'Lee Malia'),
('Bring Me The Horizon', 'Wonderful Life', 'Oliver Sykes'),
('Bring Me The Horizon', 'Wonderful Life', 'Jordan Fish'),
('Bring Me The Horizon', 'Wonderful Life', 'Lee Malia'),
('Bring Me The Horizon', 'Medicine', 'Oliver Sykes'),
('Bring Me The Horizon', 'Medicine', 'Jordan Fish'),
('Bring Me The Horizon', 'Medicine', 'Lee Malia'),
('Bring Me The Horizon', 'Sugar Honey Ice & Tea', 'Oliver Sykes'),
('Bring Me The Horizon', 'Sugar Honey Ice & Tea', 'Jordan Fish'),
('Bring Me The Horizon', 'Sugar Honey Ice & Tea', 'Lee Malia'),
('Bring Me The Horizon', 'In The Dark', 'Oliver Sykes'),
('Bring Me The Horizon', 'In The Dark', 'Jordan Fish'),
('Bring Me The Horizon', 'In The Dark', 'Lee Malia'),
('Gus Dapperton', 'World Class Cinema', 'Gus Dapperton'),
('Gus Dapperton', 'My Favorite Fish', 'Gus Dapperton'),
('Gus Dapperton', 'Fill Me Up Anthem', 'Gus Dapperton'),
('Gus Dapperton', 'Ditch', 'Gus Dapperton'),
('Gus Dapperton', 'Coax & Botany', 'Gus Dapperton'),
('Gus Dapperton', 'Bottle Opener', 'Gus Dapperton'),
('Gus Dapperton', 'First Aid', 'Gus Dapperton'),
('Gus Dapperton', 'Post Humorous', 'Gus Dapperton'),
('Gus Dapperton', 'Bluebird', 'Gus Dapperton'),
('Gus Dapperton', 'Palms', 'Gus Dapperton'),
('Luan Santana', 'Meteoro', 'Luan Santana'),
('Luan Santana', 'Você de Mim Não Sai', 'Luan Santana'),
('Luan Santana', 'Amar Não É Pecado', 'Douglas César'),
('Luan Santana', 'Escreve Aí', 'Bruno Caliman'),
('Luan Santana', 'Acordando o Prédio', 'Bruno Caliman'),
('Luan Santana', 'Sinais', 'Luan Santana'),
('Luan Santana', 'Tudo que você quiser', 'Douglas César');

insert into usuario(usuario_apelido, usuario_nome, usuario_email) values 
('ana_santos', 'Ana Santos', 'ana.santos@gmail.com'),
('carla_pereira', 'Carla Pereira', 'carla.pereira@gmail.com'),
('beatriz_goncalves', 'Beatriz Gonçalves', 'beatriz.goncalves@gmail.com'),
('maria_rodrigues', 'Maria Rodrigues', 'maria.rodrigues@gmail.com'),
('joana_silva', 'Joana Silva', 'joana.silva@gmail.com'),
('sudorese', 'Guilherme Bortoletto', 'guilherme.bortoletto@gmail.com'),
('patricia_costa', 'Patrícia Costa', 'patricia.costa@gmail.com'),
('ricardo_nunes', 'Ricardo Nunes', 'ricardo.nunes@gmail.com'),
('hugo', 'Caike Santos', 'caike.santos@gmail.com'),
('alexandre_almeida', 'Alexandre Almeida', 'alexandre.almeida@gmail.com'),
('mestre_de_obras', 'Vinicius Castro', 'vinicius.castro@gmail.com'),
('ruben_santana', 'Ruben Santana', 'ruben.santana@gmail.com'),
('sofia_amaral', 'Sofia Amaral', 'sofia.amaral@gmail.com'),
('tiago_oliveira', 'Tiago Oliveira', 'tiago.oliveira@gmail.com'),
('vitor_silveira', 'Vítor Silveira', 'vitor.silveira@gmail.com'),
('ana_gomes', 'Ana Gomes', 'ana.gomes@gmail.com'),
('celia_santos', 'Célia Santos', 'celia.santos@gmail.com'),
('diana_pereira', 'Diana Pereira', 'diana.pereira@gmail.com'),
('japones_gotico', 'Ryan Sakurai', 'ryan.sakurai@gmail.com'),
('filipa_alves', 'Filipa Alves', 'filipa.alves@gmail.com'),
('gabriel_ferreira', 'Gabriel Ferreira', 'gabriel.ferreira@gmail.com'),
('hugo_oliveira', 'Hugo Oliveira', 'hugo.oliveira@gmail.com'),
('thiwan', 'Thiwan', 'thiwan@gmail.com'),
('joao_martins', 'João Martins', 'joao.martins@gmail.com'),
('katia_rodrigues', 'Kátia Rodrigues', 'katia.rodrigues@gmail.com'),
('luis_pereira', 'Luís Pereira', 'luis.pereira@gmail.com'),
('miguel_santos', 'Miguel Santos', 'miguel.santos@gmail.com'),
('noemi_mendes', 'Noemi Mendes', 'noemi.mendes@gmail.com'),
('mini_musculoso', 'Marcelo Pirro', 'marcelo.pirro@gmail.com'),
('paula_vieira', 'Paula Vieira', 'paula.vieira@gmail.com');

insert into playlist(usuario_apelido, playlist_nome) values
('thiwan', 'Para Relaxar'),
('hugo', 'Viagem Tranquila'),
('hugo', 'Músicas Para Se Concentrar'),
('ana_santos', 'Clássicos de Todos os Tempos'),
('ana_santos', 'Músicas para Animar o Dia');

insert into participacao(artista_nome, musica_titulo, participacao_nome) values
('Bring Me The Horizon', 'Wonderful Life', 'Gus Dapperton'),
('Luan Santana', 'Meteoro', 'Gus Dapperton'),
('Gus Dapperton', 'Ditch', 'Bring Me The Horizon');

insert into lancamento_contem_musica(lancamento_artista_nome, lancamento_titulo, lancamento_tipo, musica_artista_nome, musica_titulo) values
('Bring Me The Horizon', 'That''s The Spirit', 'Álbum', 'Bring Me The Horizon', 'Throne'),
('Bring Me The Horizon', 'That''s The Spirit', 'Álbum', 'Bring Me The Horizon', 'True Friends'),
('Bring Me The Horizon', 'That''s The Spirit', 'Álbum', 'Bring Me The Horizon', 'Drown'),
('Bring Me The Horizon', 'That''s The Spirit', 'Álbum', 'Bring Me The Horizon', 'Avalanche'),
('Bring Me The Horizon', 'amo', 'Álbum', 'Bring Me The Horizon', 'Mantra'),
('Bring Me The Horizon', 'amo', 'Álbum', 'Bring Me The Horizon', 'Wonderful Life'),
('Bring Me The Horizon', 'amo', 'Álbum', 'Bring Me The Horizon', 'Medicine'),
('Bring Me The Horizon', 'amo', 'Álbum', 'Bring Me The Horizon', 'Sugar Honey Ice & Tea'),
('Bring Me The Horizon', 'amo', 'Álbum', 'Bring Me The Horizon', 'In The Dark'),
('Bring Me The Horizon', 'Drown', 'Single', 'Bring Me The Horizon', 'Drown'),
('Bring Me The Horizon', 'Throne', 'Single', 'Bring Me The Horizon', 'Throne'),
('Bring Me The Horizon', 'Mantra', 'Single', 'Bring Me The Horizon', 'Mantra'),
('Bring Me The Horizon', 'Wonderful Life', 'Single', 'Bring Me The Horizon', 'Wonderful Life'),
('Gus Dapperton', 'Where Polly People Go to Read', 'Álbum', 'Gus Dapperton', 'World Class Cinema'),
('Gus Dapperton', 'Where Polly People Go to Read', 'Álbum', 'Gus Dapperton', 'My Favorite Fish'),
('Gus Dapperton', 'Where Polly People Go to Read', 'Álbum', 'Gus Dapperton', 'Fill Me Up Anthem'),
('Gus Dapperton', 'Where Polly People Go to Read', 'Álbum', 'Gus Dapperton', 'Ditch'),
('Gus Dapperton', 'Where Polly People Go to Read', 'Álbum', 'Gus Dapperton', 'Coax & Botany'),
('Gus Dapperton', 'Orca', 'Álbum', 'Gus Dapperton', 'Bottle Opener'),
('Gus Dapperton', 'Orca', 'Álbum', 'Gus Dapperton', 'First Aid'),
('Gus Dapperton', 'Orca', 'Álbum', 'Gus Dapperton', 'Post Humorous'),
('Gus Dapperton', 'Orca', 'Álbum', 'Gus Dapperton', 'Bluebird'),
('Gus Dapperton', 'Orca', 'Álbum', 'Gus Dapperton', 'Palms'),
('Gus Dapperton', 'Post Humorous', 'Single', 'Gus Dapperton', 'Post Humorous'),
('Gus Dapperton', 'First Aid', 'Single', 'Gus Dapperton', 'First Aid'),
('Luan Santana', 'O Nosso Tempo É Hoje', 'Álbum', 'Luan Santana', 'Meteoro'),
('Luan Santana', 'O Nosso Tempo É Hoje', 'Álbum', 'Luan Santana', 'Você de Mim Não Sai'),
('Luan Santana', 'O Nosso Tempo É Hoje', 'Álbum', 'Luan Santana', 'Amar Não É Pecado'),
('Luan Santana', 'O Nosso Tempo É Hoje', 'Álbum', 'Luan Santana', 'Escreve Aí'),
('Luan Santana', 'O Nosso Tempo É Hoje', 'Álbum', 'Luan Santana', 'Acordando o Prédio'),
('Luan Santana', 'Live-Móvel', 'EP', 'Luan Santana', 'Meteoro'),
('Luan Santana', 'Live-Móvel', 'EP', 'Luan Santana', 'Sinais'),
('Luan Santana', 'Live-Móvel', 'EP', 'Luan Santana', 'Tudo que você quiser'), 
('Luan Santana', 'Morena', 'Single', 'Luan Santana', 'Morena');

insert into usuario_curte_musica(usuario_apelido, artista_nome, musica_titulo) values 
('ana_santos', 'Bring Me The Horizon', 'Throne'),
('ana_santos', 'Gus Dapperton', 'Coax & Botany'),
('ana_santos', 'Gus Dapperton', 'My Favorite Fish'),
('carla_pereira', 'Bring Me The Horizon', 'Mantra'),
('carla_pereira', 'Gus Dapperton', 'Ditch'),
('beatriz_goncalves', 'Bring Me The Horizon', 'Avalanche'),
('beatriz_goncalves', 'Gus Dapperton', 'Fill Me Up Anthem'),
('maria_rodrigues', 'Bring Me The Horizon', 'Sugar Honey Ice & Tea'),
('maria_rodrigues', 'Gus Dapperton', 'Coax & Botany'),
('joana_silva', 'Bring Me The Horizon', 'True Friends'),
('joana_silva', 'Gus Dapperton', 'Bottle Opener'),
('sudorese', 'Bring Me The Horizon', 'Medicine'),
('sudorese', 'Gus Dapperton', 'First Aid'),
('patricia_costa', 'Bring Me The Horizon', 'Mantra'),
('patricia_costa', 'Gus Dapperton', 'Coax & Botany'),
('ricardo_nunes', 'Bring Me The Horizon', 'In The Dark'),
('ricardo_nunes', 'Gus Dapperton', 'Fill Me Up Anthem'),
('hugo', 'Bring Me The Horizon', 'Drown'),
('hugo', 'Gus Dapperton', 'My Favorite Fish'),
('alexandre_almeida', 'Bring Me The Horizon', 'Wonderful Life'),
('alexandre_almeida', 'Gus Dapperton', 'Coax & Botany'),
('mestre_de_obras', 'Bring Me The Horizon', 'Avalanche'),
('mestre_de_obras', 'Gus Dapperton', 'First Aid'),
('ruben_santana', 'Bring Me The Horizon', 'Sugar Honey Ice & Tea'),
('ruben_santana', 'Gus Dapperton', 'Ditch'),
('sofia_amaral', 'Bring Me The Horizon', 'Throne'),
('sofia_amaral', 'Gus Dapperton', 'Coax & Botany'),
('tiago_oliveira', 'Bring Me The Horizon', 'In The Dark'),
('tiago_oliveira', 'Luan Santana', 'Meteoro'),
('vitor_silveira', 'Bring Me The Horizon', 'Drown'),
('vitor_silveira', 'Gus Dapperton', 'Fill Me Up Anthem'),
('ana_gomes', 'Bring Me The Horizon', 'Medicine'),
('ana_gomes', 'Gus Dapperton', 'Bottle Opener'),
('celia_santos', 'Bring Me The Horizon', 'True Friends'),
('celia_santos', 'Gus Dapperton', 'Coax & Botany'),
('diana_pereira', 'Bring Me The Horizon', 'In The Dark');

insert into usuario_segue_artista (usuario_apelido, artista_nome) values
('ana_santos', 'Bring Me The Horizon'),
('ana_santos', 'Gus Dapperton'),
('carla_pereira', 'Bring Me The Horizon'),
('carla_pereira', 'Gus Dapperton'),
('carla_pereira', 'Luan Santana'),
('beatriz_goncalves', 'Bring Me The Horizon'),
('maria_rodrigues', 'Bring Me The Horizon'),
('maria_rodrigues', 'Gus Dapperton'),
('joana_silva', 'Bring Me The Horizon'),
('joana_silva', 'Luan Santana'),
('sudorese', 'Bring Me The Horizon'),
('sudorese', 'Gus Dapperton'),
('sudorese', 'Luan Santana'),
('patricia_costa', 'Bring Me The Horizon'),
('patricia_costa', 'Gus Dapperton'),
('patricia_costa', 'Luan Santana'),
('ricardo_nunes', 'Bring Me The Horizon'),
('ricardo_nunes', 'Gus Dapperton'),
('hugo', 'Bring Me The Horizon'),
('hugo', 'Gus Dapperton'),
('hugo', 'Luan Santana'),
('alexandre_almeida', 'Bring Me The Horizon'),
('alexandre_almeida', 'Gus Dapperton'),
('alexandre_almeida', 'Luan Santana'),
('mestre_de_obras', 'Bring Me The Horizon'),
('mestre_de_obras', 'Gus Dapperton'),
('mestre_de_obras', 'Luan Santana'),
('ruben_santana', 'Luan Santana'),
('sofia_amaral', 'Bring Me The Horizon'),
('sofia_amaral', 'Gus Dapperton'),
('sofia_amaral', 'Luan Santana'),
('tiago_oliveira', 'Bring Me The Horizon'),
('tiago_oliveira', 'Gus Dapperton'),
('tiago_oliveira', 'Luan Santana'),
('vitor_silveira', 'Bring Me The Horizon'),
('vitor_silveira', 'Luan Santana'),
('ana_gomes', 'Bring Me The Horizon'),
('ana_gomes', 'Gus Dapperton'),
('ana_gomes', 'Luan Santana'),
('celia_santos', 'Bring Me The Horizon'),
('celia_santos', 'Gus Dapperton'),
('celia_santos', 'Luan Santana'),
('diana_pereira', 'Bring Me The Horizon');

insert into usuario_segue_playlist(seguidor_apelido, autor_playlist_apelido, playlist_nome) values
('ana_santos', 'thiwan', 'Para Relaxar'),
('carla_pereira', 'hugo', 'Viagem Tranquila'),
('beatriz_goncalves', 'hugo', 'Músicas Para Se Concentrar'),
('beatriz_goncalves', 'hugo', 'Viagem Tranquila'),
('maria_rodrigues', 'ana_santos', 'Clássicos de Todos os Tempos'),
('joana_silva', 'ana_santos', 'Músicas para Animar o Dia'),
('sudorese', 'thiwan', 'Para Relaxar'),
('patricia_costa', 'hugo', 'Músicas Para Se Concentrar'),
('ricardo_nunes', 'hugo', 'Viagem Tranquila'),
('hugo', 'ana_santos', 'Clássicos de Todos os Tempos'),
('alexandre_almeida', 'thiwan', 'Para Relaxar'),
('mestre_de_obras', 'ana_santos', 'Músicas para Animar o Dia'),
('ruben_santana', 'thiwan', 'Para Relaxar'),
('sofia_amaral', 'ana_santos', 'Clássicos de Todos os Tempos'),
('sofia_amaral', 'ana_santos', 'Músicas para Animar o Dia'),
('tiago_oliveira', 'ana_santos', 'Músicas para Animar o Dia'),
('vitor_silveira', 'thiwan', 'Para Relaxar'),
('ana_gomes', 'hugo', 'Viagem Tranquila'),
('celia_santos', 'thiwan', 'Para Relaxar'),
('diana_pereira', 'hugo', 'Músicas Para Se Concentrar'),
('diana_pereira', 'hugo', 'Viagem Tranquila'),
('japones_gotico', 'thiwan', 'Para Relaxar'),
('filipa_alves', 'ana_santos', 'Clássicos de Todos os Tempos'),
('gabriel_ferreira', 'ana_santos', 'Músicas para Animar o Dia'),
('hugo_oliveira', 'thiwan', 'Para Relaxar'),
('thiwan', 'ana_santos', 'Músicas para Animar o Dia'),
('joao_martins', 'hugo', 'Viagem Tranquila'),
('katia_rodrigues', 'hugo', 'Músicas Para Se Concentrar'),
('katia_rodrigues', 'hugo', 'Viagem Tranquila'),
('luis_pereira', 'ana_santos', 'Clássicos de Todos os Tempos'),
('miguel_santos', 'ana_santos', 'Músicas para Animar o Dia'),
('noemi_mendes', 'thiwan', 'Para Relaxar'),
('mini_musculoso', 'hugo', 'Músicas Para Se Concentrar'),
('paula_vieira', 'ana_santos', 'Músicas para Animar o Dia');

insert into playlist_contem_musica (usuario_apelido, playlist_nome, artista_nome, musica_titulo, data_adicao) values
('thiwan', 'Para Relaxar', 'Luan Santana', 'Escreve Aí', '2022-05-20'),
('thiwan', 'Para Relaxar', 'Luan Santana', 'Sinais', '2022-06-02'),
('thiwan', 'Para Relaxar', 'Gus Dapperton', 'Ditch', '2022-07-12'),
('hugo', 'Viagem Tranquila', 'Bring Me The Horizon', 'Mantra', '2022-06-15'),
('hugo', 'Viagem Tranquila', 'Bring Me The Horizon', 'Sugar Honey Ice & Tea', '2022-07-27'),
('hugo', 'Viagem Tranquila', 'Gus Dapperton', 'My Favorite Fish', '2022-08-09'),
('hugo', 'Músicas Para Se Concentrar', 'Bring Me The Horizon', 'True Friends', '2022-05-10'),
('hugo', 'Músicas Para Se Concentrar', 'Bring Me The Horizon', 'Wonderful Life', '2022-06-22'),
('hugo', 'Músicas Para Se Concentrar', 'Gus Dapperton', 'Bottle Opener', '2022-07-13'),
('ana_santos', 'Clássicos de Todos os Tempos', 'Luan Santana', 'Meteoro', '2022-05-01'),
('ana_santos', 'Clássicos de Todos os Tempos', 'Luan Santana', 'Amar Não É Pecado', '2022-06-23'),
('ana_santos', 'Clássicos de Todos os Tempos', 'Gus Dapperton', 'Bluebird', '2022-07-14'),
('ana_santos', 'Músicas para Animar o Dia', 'Bring Me The Horizon', 'Throne', '2022-05-15'),
('ana_santos', 'Músicas para Animar o Dia', 'Bring Me The Horizon', 'Drown', '2022-06-30'),
('ana_santos', 'Músicas para Animar o Dia', 'Gus Dapperton', 'World Class Cinema', '2022-08-08'),
('thiwan', 'Para Relaxar', 'Luan Santana', 'Acordando o Prédio', '2022-09-12'),
('thiwan', 'Para Relaxar', 'Gus Dapperton', 'First Aid', '2022-10-03'),
('hugo', 'Viagem Tranquila', 'Luan Santana', 'Escreve Aí', '2022-09-20'),
('hugo', 'Viagem Tranquila', 'Gus Dapperton', 'Post Humorous', '2022-10-11'),
('hugo', 'Músicas Para Se Concentrar', 'Luan Santana', 'Acordando o Prédio', '2022-09-25'),
('hugo', 'Músicas Para Se Concentrar', 'Gus Dapperton', 'First Aid', '2022-10-16');
