-- Informations are not that accurate, it's just a sample

insert into artist(artist_name, artist_about) values
('Bring Me The Horizon', 'Bring Me the Horizon is a British rock band formed in Sheffield in 2004. Their music style has evolved from metalcore to alternative rock and pop. They have released several albums, including "Sempiternal," "That''s the Spirit," and "amo."'),
('Dani Filth', 'Dani Filth is an English musician, best known as the lead vocalist of the extreme metal band Cradle of Filth.'),
('Gus Dapperton', 'Gus Dapperton is an American singer-songwriter and musician. He is known for his indie pop style and has released several albums, including "Where Polly People Go to Read" and "Orca."'),
('Luan Santana', 'Luan Santana is a Brazilian singer and songwriter. He has released several albums and is one of the most popular artists in Brazil, known for his blend of sertanejo and pop music.'),
('Caetano Veloso', 'Caetano Veloso is a Brazilian musician, singer, songwriter, and political activist.'),
('Pabllo Vittar', 'Pabllo Vittar is a Brazilian drag queen, singer, and songwriter, known for her pop music that blends Brazilian rhythms with electronic beats.');

insert into release(artist_name, release_title, release_type, release_date) values
('Bring Me The Horizon', 'That''s The Spirit', 'Album', '2015-09-11'),
('Bring Me The Horizon', 'amo', 'Album', '2019-01-25'),
('Bring Me The Horizon', 'Drown', 'Single', '2014-10-21'),
('Bring Me The Horizon', 'Throne', 'Single', '2015-08-24'),
('Bring Me The Horizon', 'Mantra', 'Single', '2018-08-23'),
('Bring Me The Horizon', 'Wonderful Life', 'Single', '2018-10-22'),
('Gus Dapperton', 'Where Polly People Go to Read', 'Album', '2019-04-19'),
('Gus Dapperton', 'Orca', 'Album', '2020-04-22'),
('Gus Dapperton', 'Post Humorous', 'Single', '2020-04-03'),
('Gus Dapperton', 'First Aid', 'Single', '2020-05-21'),
('Luan Santana', 'O Nosso Tempo É Hoje', 'Album', '2013-08-05'),
('Luan Santana', 'Live-Móvel', 'EP', '2017-11-10'),
('Luan Santana', 'Morena', 'Single', '2022-02-25');

insert into song(artist_name, song_title, song_duration) values
('Bring Me The Horizon', 'Throne', '00:03:11'),
('Bring Me The Horizon', 'True Friends', '00:03:52'),
('Bring Me The Horizon', 'Drown', '00:03:42'),
('Bring Me The Horizon', 'Avalanche', '00:04:21'),
('Bring Me The Horizon', 'Mantra', '00:03:54'),
('Bring Me The Horizon', 'Wonderful Life', '00:04:34'),
('Bring Me The Horizon', 'Medicine', '00:03:48'),
('Bring Me The Horizon', 'Sugar Honey Ice & Tea', '00:04:21'),
('Bring Me The Horizon', 'In The Dark', '00:04:32'),
('Gus Dapperton', 'World Class Cinema', '00:03:22'),
('Gus Dapperton', 'My Favorite Fish', '00:03:22'),
('Gus Dapperton', 'Fill Me Up Anthem', '00:03:15'),
('Gus Dapperton', 'Ditch', '00:02:50'),
('Gus Dapperton', 'Coax & Botany', '00:03:34'),
('Gus Dapperton', 'Bottle Opener', '00:02:39'),
('Gus Dapperton', 'First Aid', '00:03:02'),
('Gus Dapperton', 'Post Humorous', '00:03:01'),
('Gus Dapperton', 'Bluebird', '00:03:15'),
('Gus Dapperton', 'Palms', '00:03:30'),
('Luan Santana', 'Meteoro', '00:03:22'),
('Luan Santana', 'Você de Mim Não Sai', '00:03:45'),
('Luan Santana', 'Amar Não É Pecado', '00:03:26'),
('Luan Santana', 'Escreve Aí', '00:03:56'),
('Luan Santana', 'Acordando o Prédio', '00:03:20'),
('Luan Santana', 'Sinais', '00:03:12'),
('Luan Santana', 'Tudo que você quiser', '00:03:18'),
('Luan Santana', 'Morena', '00:03:05');

insert into feature(artist_name, song_title, feature_name) values
('Bring Me The Horizon', 'Wonderful Life', 'Dani Filth'),
('Luan Santana', 'Você de Mim Não Sai', 'Caetano Veloso'),
('Luan Santana', 'Você de Mim Não Sai', 'Pabllo Vittar');

insert into genre(artist_name, song_title, genre_name) values
('Bring Me The Horizon', 'Throne', 'Rock'),
('Bring Me The Horizon', 'True Friends', 'Rock'),
('Bring Me The Horizon', 'True Friends', 'Punk'),
('Bring Me The Horizon', 'Drown', 'Brazilian Funk'),
('Bring Me The Horizon', 'Avalanche', 'Rock'),
('Bring Me The Horizon', 'Avalanche', 'Pop'),
('Bring Me The Horizon', 'Mantra', 'Rock'),
('Bring Me The Horizon', 'Wonderful Life', 'Rock'),
('Bring Me The Horizon', 'Medicine', 'Pop'),
('Bring Me The Horizon', 'Sugar Honey Ice & Tea', 'Punk'),
('Bring Me The Horizon', 'In The Dark', 'Rock'),
('Bring Me The Horizon', 'In The Dark', 'Pop'),
('Gus Dapperton', 'World Class Cinema', 'Pop'),
('Gus Dapperton', 'My Favorite Fish', 'Pop'),
('Gus Dapperton', 'Fill Me Up Anthem', 'R&B'),
('Gus Dapperton', 'Ditch', 'Pop'),
('Gus Dapperton', 'Coax & Botany', 'Pop'),
('Gus Dapperton', 'Bottle Opener', 'EDM'),
('Gus Dapperton', 'First Aid', 'Pop'),
('Gus Dapperton', 'Post Humorous', 'Pop'),
('Gus Dapperton', 'Bluebird', 'Hip Hop'),
('Gus Dapperton', 'Palms', 'Pop'),
('Luan Santana', 'Meteoro', 'Sertanejo'),
('Luan Santana', 'Você de Mim Não Sai', 'EDM'),
('Luan Santana', 'Amar Não É Pecado', 'Sertanejo'),
('Luan Santana', 'Escreve Aí', 'Sertanejo'),
('Luan Santana', 'Acordando o Prédio', 'Hip Hop'),
('Luan Santana', 'Sinais', 'Sertanejo'),
('Luan Santana', 'Tudo que você quiser', 'Sertanejo'),
('Luan Santana', 'Morena', 'Sertanejo');

insert into "user"(user_nickname, user_name, user_email) values 
('ana_santos', 'Ana Santos', 'ana.santos@gmail.com'),
('carla_pereira', 'Carla Pereira', 'carla.pereira@gmail.com'),
('beatriz_goncalves', 'Beatriz Gonçalves', 'beatriz.goncalves@gmail.com'),
('maria_rodrigues', 'Maria Rodrigues', 'maria.rodrigues@gmail.com'),
('joana_silva', 'Joana Silva', 'joana.silva@gmail.com'),
('sudorese', 'Guilherme Bortoletto', 'guilherme.bortoletto@gmail.com'),
('patricia_costa', 'Patrícia Costa', 'patricia.costa@gmail.com'),
('ricardo_nunes', 'Ricardo Nunes', 'ricardo.nunes@gmail.com'),
('hugo', 'Caike Santos', 'caike.santos@gmail.com'),
('alexandre_almeida', 'Alexandre Almeida', 'alexandre.almeida@gmail.com'),
('mestre_de_obras', 'Vinicius Castro', 'vinicius.castro@gmail.com'),
('ruben_santana', 'Ruben Santana', 'ruben.santana@gmail.com'),
('sofia_amaral', 'Sofia Amaral', 'sofia.amaral@gmail.com'),
('tiago_oliveira', 'Tiago Oliveira', 'tiago.oliveira@gmail.com'),
('vitor_silveira', 'Vítor Silveira', 'vitor.silveira@gmail.com'),
('ana_gomes', 'Ana Gomes', 'ana.gomes@gmail.com'),
('celia_santos', 'Célia Santos', 'celia.santos@gmail.com'),
('diana_pereira', 'Diana Pereira', 'diana.pereira@gmail.com'),
('japones_gotico', 'Ryan Sakurai', 'ryan.sakurai@gmail.com'),
('filipa_alves', 'Filipa Alves', 'filipa.alves@gmail.com'),
('gabriel_ferreira', 'Gabriel Ferreira', 'gabriel.ferreira@gmail.com'),
('hugo_oliveira', 'Hugo Oliveira', 'hugo.oliveira@gmail.com'),
('thiwan', 'Thiwan', 'thiwan@gmail.com'),
('joao_martins', 'João Martins', 'joao.martins@gmail.com'),
('katia_rodrigues', 'Kátia Rodrigues', 'katia.rodrigues@gmail.com'),
('luis_pereira', 'Luís Pereira', 'luis.pereira@gmail.com'),
('miguel_santos', 'Miguel Santos', 'miguel.santos@gmail.com'),
('noemi_mendes', 'Noemi Mendes', 'noemi.mendes@gmail.com'),
('mini_musculoso', 'Marcelo Pirro', 'marcelo.pirro@gmail.com'),
('paula_vieira', 'Paula Vieira', 'paula.vieira@gmail.com');

insert into playlist(user_nickname, playlist_name) values
('thiwan', 'Para Relaxar'),
('hugo', 'Viagem Tranquila'),
('hugo', 'Músicas Para Se Concentrar'),
('ana_santos', 'Clássicos de Todos os Tempos'),
('ana_santos', 'Músicas para Animar o Dia');

insert into release_has_song(release_artist_name, release_title, release_type, song_artist_name, song_title) values
('Bring Me The Horizon', 'That''s The Spirit', 'Album', 'Bring Me The Horizon', 'Throne'),
('Bring Me The Horizon', 'That''s The Spirit', 'Album', 'Bring Me The Horizon', 'True Friends'),
('Bring Me The Horizon', 'That''s The Spirit', 'Album', 'Bring Me The Horizon', 'Drown'),
('Bring Me The Horizon', 'That''s The Spirit', 'Album', 'Bring Me The Horizon', 'Avalanche'),
('Bring Me The Horizon', 'amo', 'Album', 'Bring Me The Horizon', 'Mantra'),
('Bring Me The Horizon', 'amo', 'Album', 'Bring Me The Horizon', 'Wonderful Life'),
('Bring Me The Horizon', 'amo', 'Album', 'Bring Me The Horizon', 'Medicine'),
('Bring Me The Horizon', 'amo', 'Album', 'Bring Me The Horizon', 'Sugar Honey Ice & Tea'),
('Bring Me The Horizon', 'amo', 'Album', 'Bring Me The Horizon', 'In The Dark'),
('Bring Me The Horizon', 'Drown', 'Single', 'Bring Me The Horizon', 'Drown'),
('Bring Me The Horizon', 'Throne', 'Single', 'Bring Me The Horizon', 'Throne'),
('Bring Me The Horizon', 'Mantra', 'Single', 'Bring Me The Horizon', 'Mantra'),
('Bring Me The Horizon', 'Wonderful Life', 'Single', 'Bring Me The Horizon', 'Wonderful Life'),
('Gus Dapperton', 'Where Polly People Go to Read', 'Album', 'Gus Dapperton', 'World Class Cinema'),
('Gus Dapperton', 'Where Polly People Go to Read', 'Album', 'Gus Dapperton', 'My Favorite Fish'),
('Gus Dapperton', 'Where Polly People Go to Read', 'Album', 'Gus Dapperton', 'Fill Me Up Anthem'),
('Gus Dapperton', 'Where Polly People Go to Read', 'Album', 'Gus Dapperton', 'Ditch'),
('Gus Dapperton', 'Where Polly People Go to Read', 'Album', 'Gus Dapperton', 'Coax & Botany'),
('Gus Dapperton', 'Orca', 'Album', 'Gus Dapperton', 'Bottle Opener'),
('Gus Dapperton', 'Orca', 'Album', 'Gus Dapperton', 'First Aid'),
('Gus Dapperton', 'Orca', 'Album', 'Gus Dapperton', 'Post Humorous'),
('Gus Dapperton', 'Orca', 'Album', 'Gus Dapperton', 'Bluebird'),
('Gus Dapperton', 'Orca', 'Album', 'Gus Dapperton', 'Palms'),
('Gus Dapperton', 'Post Humorous', 'Single', 'Gus Dapperton', 'Post Humorous'),
('Gus Dapperton', 'First Aid', 'Single', 'Gus Dapperton', 'First Aid'),
('Luan Santana', 'O Nosso Tempo É Hoje', 'Album', 'Luan Santana', 'Meteoro'),
('Luan Santana', 'O Nosso Tempo É Hoje', 'Album', 'Luan Santana', 'Você de Mim Não Sai'),
('Luan Santana', 'O Nosso Tempo É Hoje', 'Album', 'Luan Santana', 'Amar Não É Pecado'),
('Luan Santana', 'O Nosso Tempo É Hoje', 'Album', 'Luan Santana', 'Escreve Aí'),
('Luan Santana', 'O Nosso Tempo É Hoje', 'Album', 'Luan Santana', 'Acordando o Prédio'),
('Luan Santana', 'Live-Móvel', 'EP', 'Luan Santana', 'Meteoro'),
('Luan Santana', 'Live-Móvel', 'EP', 'Luan Santana', 'Sinais'),
('Luan Santana', 'Live-Móvel', 'EP', 'Luan Santana', 'Tudo que você quiser'), 
('Luan Santana', 'Morena', 'Single', 'Luan Santana', 'Morena');

insert into user_likes_song(user_nickname, artist_name, song_title) values 
('ana_santos', 'Bring Me The Horizon', 'Throne'),
('ana_santos', 'Gus Dapperton', 'Coax & Botany'),
('ana_santos', 'Gus Dapperton', 'My Favorite Fish'),
('carla_pereira', 'Bring Me The Horizon', 'Mantra'),
('carla_pereira', 'Gus Dapperton', 'Ditch'),
('beatriz_goncalves', 'Bring Me The Horizon', 'Avalanche'),
('beatriz_goncalves', 'Gus Dapperton', 'Fill Me Up Anthem'),
('maria_rodrigues', 'Bring Me The Horizon', 'Sugar Honey Ice & Tea'),
('maria_rodrigues', 'Gus Dapperton', 'Coax & Botany'),
('joana_silva', 'Bring Me The Horizon', 'True Friends'),
('joana_silva', 'Gus Dapperton', 'Bottle Opener'),
('sudorese', 'Bring Me The Horizon', 'Medicine'),
('sudorese', 'Gus Dapperton', 'First Aid'),
('patricia_costa', 'Bring Me The Horizon', 'Mantra'),
('patricia_costa', 'Gus Dapperton', 'Coax & Botany'),
('ricardo_nunes', 'Bring Me The Horizon', 'In The Dark'),
('ricardo_nunes', 'Gus Dapperton', 'Fill Me Up Anthem'),
('hugo', 'Bring Me The Horizon', 'Drown'),
('hugo', 'Gus Dapperton', 'My Favorite Fish'),
('alexandre_almeida', 'Bring Me The Horizon', 'Wonderful Life'),
('alexandre_almeida', 'Gus Dapperton', 'Coax & Botany'),
('mestre_de_obras', 'Bring Me The Horizon', 'Avalanche'),
('mestre_de_obras', 'Gus Dapperton', 'First Aid'),
('ruben_santana', 'Bring Me The Horizon', 'Sugar Honey Ice & Tea'),
('ruben_santana', 'Gus Dapperton', 'Ditch'),
('sofia_amaral', 'Bring Me The Horizon', 'Throne'),
('sofia_amaral', 'Gus Dapperton', 'Coax & Botany'),
('tiago_oliveira', 'Bring Me The Horizon', 'In The Dark'),
('tiago_oliveira', 'Luan Santana', 'Meteoro'),
('vitor_silveira', 'Bring Me The Horizon', 'Drown'),
('vitor_silveira', 'Gus Dapperton', 'Fill Me Up Anthem'),
('ana_gomes', 'Bring Me The Horizon', 'Medicine'),
('ana_gomes', 'Gus Dapperton', 'Bottle Opener'),
('celia_santos', 'Bring Me The Horizon', 'True Friends'),
('celia_santos', 'Gus Dapperton', 'Coax & Botany'),
('diana_pereira', 'Bring Me The Horizon', 'In The Dark');

insert into user_follows_artist (user_nickname, artist_name) values
('ana_santos', 'Bring Me The Horizon'),
('ana_santos', 'Gus Dapperton'),
('carla_pereira', 'Bring Me The Horizon'),
('carla_pereira', 'Gus Dapperton'),
('carla_pereira', 'Luan Santana'),
('beatriz_goncalves', 'Bring Me The Horizon'),
('maria_rodrigues', 'Bring Me The Horizon'),
('maria_rodrigues', 'Gus Dapperton'),
('joana_silva', 'Bring Me The Horizon'),
('joana_silva', 'Luan Santana'),
('sudorese', 'Bring Me The Horizon'),
('sudorese', 'Gus Dapperton'),
('sudorese', 'Luan Santana'),
('patricia_costa', 'Bring Me The Horizon'),
('patricia_costa', 'Gus Dapperton'),
('patricia_costa', 'Luan Santana'),
('ricardo_nunes', 'Bring Me The Horizon'),
('ricardo_nunes', 'Gus Dapperton'),
('hugo', 'Bring Me The Horizon'),
('hugo', 'Gus Dapperton'),
('hugo', 'Luan Santana'),
('alexandre_almeida', 'Bring Me The Horizon'),
('alexandre_almeida', 'Gus Dapperton'),
('alexandre_almeida', 'Luan Santana'),
('mestre_de_obras', 'Bring Me The Horizon'),
('mestre_de_obras', 'Gus Dapperton'),
('mestre_de_obras', 'Luan Santana'),
('ruben_santana', 'Luan Santana'),
('sofia_amaral', 'Bring Me The Horizon'),
('sofia_amaral', 'Gus Dapperton'),
('sofia_amaral', 'Luan Santana'),
('tiago_oliveira', 'Bring Me The Horizon'),
('tiago_oliveira', 'Gus Dapperton'),
('tiago_oliveira', 'Luan Santana'),
('vitor_silveira', 'Bring Me The Horizon'),
('vitor_silveira', 'Luan Santana'),
('ana_gomes', 'Bring Me The Horizon'),
('ana_gomes', 'Gus Dapperton'),
('ana_gomes', 'Luan Santana'),
('celia_santos', 'Bring Me The Horizon'),
('celia_santos', 'Gus Dapperton'),
('celia_santos', 'Luan Santana'),
('diana_pereira', 'Bring Me The Horizon');

insert into user_follows_playlist(seguidor_nickname, autor_playlist_nickname, playlist_name) values
('ana_santos', 'thiwan', 'Para Relaxar'),
('carla_pereira', 'hugo', 'Viagem Tranquila'),
('beatriz_goncalves', 'hugo', 'Músicas Para Se Concentrar'),
('beatriz_goncalves', 'hugo', 'Viagem Tranquila'),
('maria_rodrigues', 'ana_santos', 'Clássicos de Todos os Tempos'),
('joana_silva', 'ana_santos', 'Músicas para Animar o Dia'),
('sudorese', 'thiwan', 'Para Relaxar'),
('patricia_costa', 'hugo', 'Músicas Para Se Concentrar'),
('ricardo_nunes', 'hugo', 'Viagem Tranquila'),
('hugo', 'ana_santos', 'Clássicos de Todos os Tempos'),
('alexandre_almeida', 'thiwan', 'Para Relaxar'),
('mestre_de_obras', 'ana_santos', 'Músicas para Animar o Dia'),
('ruben_santana', 'thiwan', 'Para Relaxar'),
('sofia_amaral', 'ana_santos', 'Clássicos de Todos os Tempos'),
('sofia_amaral', 'ana_santos', 'Músicas para Animar o Dia'),
('tiago_oliveira', 'ana_santos', 'Músicas para Animar o Dia'),
('vitor_silveira', 'thiwan', 'Para Relaxar'),
('ana_gomes', 'hugo', 'Viagem Tranquila'),
('celia_santos', 'thiwan', 'Para Relaxar'),
('diana_pereira', 'hugo', 'Músicas Para Se Concentrar'),
('diana_pereira', 'hugo', 'Viagem Tranquila'),
('japones_gotico', 'thiwan', 'Para Relaxar'),
('filipa_alves', 'ana_santos', 'Clássicos de Todos os Tempos'),
('gabriel_ferreira', 'ana_santos', 'Músicas para Animar o Dia'),
('hugo_oliveira', 'thiwan', 'Para Relaxar'),
('thiwan', 'ana_santos', 'Músicas para Animar o Dia'),
('joao_martins', 'hugo', 'Viagem Tranquila'),
('katia_rodrigues', 'hugo', 'Músicas Para Se Concentrar'),
('katia_rodrigues', 'hugo', 'Viagem Tranquila'),
('luis_pereira', 'ana_santos', 'Clássicos de Todos os Tempos'),
('miguel_santos', 'ana_santos', 'Músicas para Animar o Dia'),
('noemi_mendes', 'thiwan', 'Para Relaxar'),
('mini_musculoso', 'hugo', 'Músicas Para Se Concentrar'),
('paula_vieira', 'ana_santos', 'Músicas para Animar o Dia');

insert into playlist_has_song (user_nickname, playlist_name, artist_name, song_title, data_adicao) values
('thiwan', 'Para Relaxar', 'Luan Santana', 'Escreve Aí', '2022-05-20'),
('thiwan', 'Para Relaxar', 'Luan Santana', 'Sinais', '2022-06-02'),
('thiwan', 'Para Relaxar', 'Gus Dapperton', 'Ditch', '2022-07-12'),
('hugo', 'Viagem Tranquila', 'Bring Me The Horizon', 'Mantra', '2022-06-15'),
('hugo', 'Viagem Tranquila', 'Bring Me The Horizon', 'Sugar Honey Ice & Tea', '2022-07-27'),
('hugo', 'Viagem Tranquila', 'Gus Dapperton', 'My Favorite Fish', '2022-08-09'),
('hugo', 'Músicas Para Se Concentrar', 'Bring Me The Horizon', 'True Friends', '2022-05-10'),
('hugo', 'Músicas Para Se Concentrar', 'Bring Me The Horizon', 'Wonderful Life', '2022-06-22'),
('hugo', 'Músicas Para Se Concentrar', 'Gus Dapperton', 'Bottle Opener', '2022-07-13'),
('ana_santos', 'Clássicos de Todos os Tempos', 'Luan Santana', 'Meteoro', '2022-05-01'),
('ana_santos', 'Clássicos de Todos os Tempos', 'Luan Santana', 'Amar Não É Pecado', '2022-06-23'),
('ana_santos', 'Clássicos de Todos os Tempos', 'Gus Dapperton', 'Bluebird', '2022-07-14'),
('ana_santos', 'Músicas para Animar o Dia', 'Bring Me The Horizon', 'Throne', '2022-05-15'),
('ana_santos', 'Músicas para Animar o Dia', 'Bring Me The Horizon', 'Drown', '2022-06-30'),
('ana_santos', 'Músicas para Animar o Dia', 'Gus Dapperton', 'World Class Cinema', '2022-08-08'),
('thiwan', 'Para Relaxar', 'Luan Santana', 'Acordando o Prédio', '2022-09-12'),
('thiwan', 'Para Relaxar', 'Gus Dapperton', 'First Aid', '2022-10-03'),
('hugo', 'Viagem Tranquila', 'Luan Santana', 'Escreve Aí', '2022-09-20'),
('hugo', 'Viagem Tranquila', 'Gus Dapperton', 'Post Humorous', '2022-10-11'),
('hugo', 'Músicas Para Se Concentrar', 'Luan Santana', 'Acordando o Prédio', '2022-09-25'),
('hugo', 'Músicas Para Se Concentrar', 'Gus Dapperton', 'First Aid', '2022-10-16');
